{"stats":{"minecraft:custom":{"minecraft:time_since_rest":4255,"minecraft:crouch_one_cm":56,"minecraft:play_time":4255,"minecraft:sprint_one_cm":5124,"minecraft:damage_taken":40,"minecraft:walk_one_cm":4733,"minecraft:sneak_time":7,"minecraft:jump":32,"minecraft:leave_game":1,"minecraft:walk_on_water_one_cm":334,"minecraft:time_since_death":4255,"minecraft:total_world_time":4255,"minecraft:interact_with_crafting_table":2,"minecraft:fall_one_cm":1497,"minecraft:fly_one_cm":5774},"minecraft:picked_up":{"minecraft:birch_log":5,"minecraft:crafting_table":1,"minecraft:cobblestone":5},"minecraft:used":{"minecraft:crafting_table":1,"minecraft:wooden_pickaxe":5},"minecraft:crafted":{"minecraft:birch_planks":20,"minecraft:crafting_table":1,"minecraft:stick":4,"minecraft:wooden_pickaxe":1},"minecraft:mined":{"minecraft:birch_log":5,"minecraft:stone":5,"minecraft:birch_leaves":1,"minecraft:crafting_table":1}},"DataVersion":3465}