{"stats":{"minecraft:used":{"minecraft:wooden_pickaxe":15,"minecraft:stone_axe":22,"minecraft:crafting_table":1,"minecraft:birch_log":2},"minecraft:crafted":{"minecraft:crafting_table":1,"minecraft:stick":8,"minecraft:wooden_pickaxe":1,"minecraft:stone_pickaxe":1,"minecraft:birch_planks":24,"minecraft:stone_axe":1},"minecraft:killed":{"minecraft:zombie":3,"minecraft:chicken":1,"minecraft:cow":1},"minecraft:mined":{"minecraft:birch_log":16,"minecraft:birch_leaves":4,"minecraft:crafting_table":1,"minecraft:grass":2,"minecraft:grass_block":1,"minecraft:stone":14,"minecraft:sugar_cane":1},"minecraft:custom":{"minecraft:time_since_rest":16111,"minecraft:sprint_one_cm":39135,"minecraft:damage_taken":1175,"minecraft:walk_one_cm":24369,"minecraft:mob_kills":5,"minecraft:damage_dealt":736,"minecraft:interact_with_crafting_table":2,"minecraft:swim_one_cm":13903,"minecraft:fly_one_cm":87079,"minecraft:play_time":33370,"minecraft:deaths":1,"minecraft:sneak_time":90,"minecraft:walk_under_water_one_cm":1752,"minecraft:jump":329,"minecraft:leave_game":6,"minecraft:time_since_death":16081,"minecraft:walk_on_water_one_cm":2914,"minecraft:total_world_time":33370,"minecraft:fall_one_cm":15722},"minecraft:picked_up":{"minecraft:birch_log":26,"minecraft:stick":2,"minecraft:crafting_table":2,"minecraft:chicken":1,"minecraft:leather":1,"minecraft:wooden_pickaxe":1,"minecraft:birch_planks":12,"minecraft:dirt":2,"minecraft:rotten_flesh":1,"minecraft:stone_axe":1,"minecraft:beef":1,"minecraft:stone_pickaxe":1,"minecraft:sugar_cane":2,"minecraft:mutton":4,"minecraft:birch_sapling":2,"minecraft:cobblestone":22}},"DataVersion":3465}