{"stats":{"minecraft:crafted":{"minecraft:birch_boat":2,"minecraft:bone_meal":3,"minecraft:cooked_mutton":1,"minecraft:diamond_helmet":1,"minecraft:diamond_leggings":1,"minecraft:iron_boots":1,"minecraft:stone_pickaxe":1,"minecraft:chest":1,"minecraft:diamond_boots":1,"minecraft:crafting_table":2,"minecraft:wooden_pickaxe":1,"minecraft:iron_helmet":1,"minecraft:iron_sword":1,"minecraft:birch_pressure_plate":1,"minecraft:bucket":1,"minecraft:birch_planks":56,"minecraft:stone_axe":1,"minecraft:air":0,"minecraft:shield":2,"minecraft:stick":8,"minecraft:iron_pickaxe":1,"minecraft:iron_leggings":1,"minecraft:diamond_chestplate":1},"minecraft:killed":{"minecraft:witch":6,"minecraft:spider":2,"minecraft:slime":4,"minecraft:skeleton":16,"minecraft:chicken":1,"minecraft:creeper":4,"minecraft:sheep":1,"minecraft:zombie":13,"minecraft:cow":1},"minecraft:custom":{"minecraft:mob_kills":50,"minecraft:interact_with_crafting_table":17,"minecraft:open_barrel":6,"minecraft:leave_game":7,"minecraft:time_since_death":1318,"minecraft:climb_one_cm":5908,"minecraft:damage_resisted":5954,"minecraft:sprint_one_cm":213129,"minecraft:walk_one_cm":204285,"minecraft:damage_blocked_by_shield":315,"minecraft:drop":35,"minecraft:play_time":103059,"minecraft:deaths":34,"minecraft:sneak_time":842,"minecraft:walk_under_water_one_cm":6175,"minecraft:boat_one_cm":35567,"minecraft:jump":915,"minecraft:walk_on_water_one_cm":12491,"minecraft:total_world_time":103059,"minecraft:interact_with_furnace":2,"minecraft:play_record":7,"minecraft:tune_noteblock":5,"minecraft:sleep_in_bed":1,"minecraft:time_since_rest":1348,"minecraft:damage_taken":10432,"minecraft:damage_dealt":7150,"minecraft:swim_one_cm":26213,"minecraft:fly_one_cm":205993,"minecraft:open_chest":24,"minecraft:crouch_one_cm":1642,"minecraft:fall_one_cm":28718},"minecraft:used":{"minecraft:chest":1,"minecraft:shield":2,"minecraft:iron_sword":19,"minecraft:player_head":2,"minecraft:iron_chestplate":2,"minecraft:birch_pressure_plate":1,"minecraft:diamond_helmet":1,"minecraft:music_disc_mellohi":7,"minecraft:packed_mud":1,"minecraft:iron_helmet":3,"minecraft:iron_boots":1,"minecraft:golden_carrot":1,"minecraft:furnace":1,"minecraft:egg":6,"minecraft:iron_leggings":2,"minecraft:cooked_mutton":1,"minecraft:water_bucket":3,"minecraft:diamond_boots":1,"minecraft:stone_pickaxe":22,"minecraft:birch_boat":2,"minecraft:wooden_pickaxe":15,"simplyswords:diamond_halberd":33,"minecraft:white_wool":1,"minecraft:glow_item_frame":2,"minecraft:sand":1,"minecraft:crafting_table":8,"minecraft:black_bed":3,"minecraft:cyan_bed":1,"minecraft:bread":8,"minecraft:iron_pickaxe":12,"minecraft:stone_axe":89,"minecraft:potion":1,"minecraft:birch_log":2,"minecraft:bucket":4,"minecraft:diamond_leggings":1,"minecraft:golden_pickaxe":2,"minecraft:chainmail_leggings":1},"minecraft:picked_up":{"minecraft:charcoal":2,"minecraft:crafting_table":14,"minecraft:iron_chestplate":7,"minecraft:wheat":36,"minecraft:chicken":1,"minecraft:golden_pickaxe":2,"minecraft:redstone_lamp":4,"minecraft:smithing_table":6,"minecraft:wooden_pickaxe":1,"minecraft:gold_block":1,"minecraft:potion":4,"minecraft:birch_button":1,"minecraft:shield":5,"minecraft:waxed_cut_copper_slab":4,"minecraft:string":19,"minecraft:moss_carpet":2,"minecraft:iron_axe":4,"minecraft:iron_leggings":3,"minecraft:item_frame":2,"minecraft:compass":4,"minecraft:iron_shovel":2,"minecraft:cobbled_deepslate":57,"minecraft:beef":1,"minecraft:player_head":2,"minecraft:iron_nugget":70,"minecraft:iron_pickaxe":9,"minecraft:sugar_cane":45,"minecraft:birch_sapling":2,"minecraft:furnace":8,"minecraft:iron_boots":10,"minecraft:stick":61,"minecraft:glow_item_frame":2,"minecraft:music_disc_mellohi":8,"minecraft:carrot":6,"minecraft:redstone":8,"minecraft:diamond_chestplate":4,"minecraft:arrow":61,"minecraft:rotten_flesh":39,"simplyswords:diamond_halberd":10,"minecraft:peony":2,"minecraft:cut_copper":68,"minecraft:gold_ingot":29,"minecraft:mangrove_roots":22,"minecraft:glow_berries":12,"minecraft:mutton":20,"minecraft:white_wool":1,"minecraft:cobblestone":36,"minecraft:birch_log":50,"minecraft:mud_bricks":10,"minecraft:golden_carrot":44,"minecraft:water_bucket":4,"minecraft:black_bed":3,"minecraft:leather":1,"minecraft:red_mushroom":3,"minecraft:potato":294,"minecraft:birch_planks":72,"minecraft:packed_mud":1,"minecraft:flint":15,"minecraft:oak_log":25,"minecraft:lily_pad":1,"minecraft:gunpowder":7,"minecraft:stripped_birch_log":2,"minecraft:dirt":61,"minecraft:cooked_mutton":5,"minecraft:purple_carpet":12,"minecraft:bone":47,"minecraft:gray_carpet":30,"minecraft:wheat_seeds":15,"minecraft:stone_pickaxe":4,"minecraft:iron_ingot":47,"minecraft:glass_bottle":8,"minecraft:glowstone_dust":2,"minecraft:iron_sword":11,"minecraft:dark_oak_slab":5,"minecraft:sand":1,"minecraft:birch_stairs":6,"minecraft:mud_brick_wall":14,"minecraft:cyan_bed":13,"minecraft:spider_eye":6,"minecraft:slime_ball":6,"minecraft:stone_axe":1,"minecraft:iron_helmet":9,"minecraft:golden_apple":4,"minecraft:emerald":5,"minecraft:bread":244,"minecraft:bricks":3},"minecraft:dropped":{"minecraft:bread":63,"minecraft:wheat_seeds":15,"minecraft:golden_pickaxe":1,"minecraft:glass_bottle":3,"minecraft:crafting_table":1,"minecraft:cobblestone":8,"minecraft:mud_brick_wall":14,"minecraft:potion":1,"minecraft:stripped_birch_log":2,"minecraft:bone_meal":3,"minecraft:iron_pickaxe":1,"minecraft:string":3,"minecraft:birch_log":6,"minecraft:lily_pad":1,"minecraft:gray_carpet":18,"minecraft:moss_carpet":2,"minecraft:birch_sapling":1,"minecraft:iron_boots":1,"minecraft:diamond_sword":1,"minecraft:shield":1,"minecraft:gunpowder":2,"minecraft:peony":1,"minecraft:spider_eye":1,"minecraft:wooden_pickaxe":1,"minecraft:purple_carpet":8},"minecraft:killed_by":{"minecraft:wither_skeleton":1,"minecraft:skeleton":30,"minecraft:zombie":2},"minecraft:mined":{"minecraft:mangrove_roots":26,"minecraft:cave_vines_plant":1,"minecraft:grass_block":3,"minecraft:mud_bricks":2,"minecraft:moss_block":4,"minecraft:spawner":6,"minecraft:furnace":2,"minecraft:moss_carpet":1,"minecraft:peony":1,"minecraft:potatoes":6,"minecraft:vine":4,"minecraft:azalea_leaves":2,"minecraft:stone":19,"minecraft:birch_stairs":1,"minecraft:player_wall_head":1,"minecraft:crafting_table":7,"minecraft:tall_grass":1,"minecraft:cyan_bed":1,"minecraft:bricks":1,"minecraft:sugar_cane":5,"minecraft:sculk":1,"minecraft:birch_log":20,"minecraft:wheat":6,"minecraft:lilac":1,"minecraft:birch_leaves":4,"minecraft:black_bed":3,"minecraft:grass":5,"minecraft:sand":1,"minecraft:small_dripleaf":4,"minecraft:deepslate":2}},"DataVersion":3465}