{"stats":{"minecraft:crafted":{"minecraft:birch_boat":2,"minecraft:bone_meal":3,"minecraft:cooked_mutton":1,"minecraft:iron_boots":1,"minecraft:stone_pickaxe":1,"minecraft:chest":1,"minecraft:crafting_table":1,"minecraft:wooden_pickaxe":1,"minecraft:iron_helmet":1,"minecraft:iron_sword":1,"minecraft:bucket":1,"minecraft:birch_planks":56,"minecraft:stone_axe":1,"minecraft:air":0,"minecraft:shield":2,"minecraft:stick":8,"minecraft:iron_pickaxe":1,"minecraft:iron_leggings":1,"minecraft:diamond_chestplate":1},"minecraft:killed":{"minecraft:witch":6,"minecraft:spider":1,"minecraft:slime":4,"minecraft:skeleton":3,"minecraft:chicken":1,"minecraft:sheep":1,"minecraft:zombie":5,"minecraft:cow":1},"minecraft:custom":{"minecraft:mob_kills":23,"minecraft:interact_with_crafting_table":14,"minecraft:open_barrel":5,"minecraft:leave_game":7,"minecraft:time_since_death":5,"minecraft:climb_one_cm":5461,"minecraft:damage_resisted":58,"minecraft:sprint_one_cm":157757,"minecraft:walk_one_cm":146221,"minecraft:damage_blocked_by_shield":315,"minecraft:drop":23,"minecraft:play_time":91059,"minecraft:deaths":14,"minecraft:sneak_time":801,"minecraft:walk_under_water_one_cm":6175,"minecraft:boat_one_cm":35567,"minecraft:jump":825,"minecraft:walk_on_water_one_cm":12491,"minecraft:total_world_time":91059,"minecraft:interact_with_furnace":2,"minecraft:sleep_in_bed":1,"minecraft:time_since_rest":29,"minecraft:damage_taken":5177,"minecraft:damage_dealt":3678,"minecraft:swim_one_cm":26213,"minecraft:fly_one_cm":174898,"minecraft:open_chest":18,"minecraft:crouch_one_cm":1485,"minecraft:fall_one_cm":27754},"minecraft:used":{"minecraft:chest":1,"minecraft:shield":2,"minecraft:iron_sword":18,"minecraft:iron_chestplate":2,"minecraft:packed_mud":1,"minecraft:iron_helmet":3,"minecraft:iron_boots":1,"minecraft:golden_carrot":1,"minecraft:furnace":1,"minecraft:egg":6,"minecraft:iron_leggings":2,"minecraft:cooked_mutton":1,"minecraft:water_bucket":3,"minecraft:stone_pickaxe":22,"minecraft:birch_boat":2,"minecraft:wooden_pickaxe":15,"simplyswords:diamond_halberd":8,"minecraft:white_wool":1,"minecraft:sand":1,"minecraft:crafting_table":7,"minecraft:black_bed":3,"minecraft:cyan_bed":1,"minecraft:bread":8,"minecraft:iron_pickaxe":3,"minecraft:stone_axe":89,"minecraft:potion":1,"minecraft:birch_log":2,"minecraft:bucket":4},"minecraft:picked_up":{"minecraft:crafting_table":9,"minecraft:iron_chestplate":5,"minecraft:wheat":24,"minecraft:chicken":1,"minecraft:redstone_lamp":2,"minecraft:smithing_table":5,"minecraft:wooden_pickaxe":1,"minecraft:potion":4,"minecraft:shield":5,"minecraft:waxed_cut_copper_slab":1,"minecraft:string":10,"minecraft:moss_carpet":1,"minecraft:iron_axe":2,"minecraft:iron_leggings":3,"minecraft:compass":1,"minecraft:iron_shovel":2,"minecraft:cobbled_deepslate":19,"minecraft:beef":1,"minecraft:iron_nugget":30,"minecraft:iron_pickaxe":3,"minecraft:sugar_cane":27,"minecraft:birch_sapling":2,"minecraft:furnace":6,"minecraft:iron_boots":5,"minecraft:stick":53,"minecraft:carrot":4,"minecraft:redstone":6,"minecraft:diamond_chestplate":2,"minecraft:arrow":11,"minecraft:rotten_flesh":17,"simplyswords:diamond_halberd":7,"minecraft:cut_copper":51,"minecraft:mangrove_roots":22,"minecraft:glow_berries":9,"minecraft:mutton":14,"minecraft:white_wool":1,"minecraft:cobblestone":36,"minecraft:birch_log":35,"minecraft:mud_bricks":6,"minecraft:golden_carrot":37,"minecraft:water_bucket":4,"minecraft:black_bed":3,"minecraft:leather":1,"minecraft:potato":120,"minecraft:birch_planks":36,"minecraft:packed_mud":1,"minecraft:flint":15,"minecraft:oak_log":15,"minecraft:lily_pad":1,"minecraft:gunpowder":4,"minecraft:stripped_birch_log":2,"minecraft:dirt":49,"minecraft:cooked_mutton":4,"minecraft:purple_carpet":4,"minecraft:bone":9,"minecraft:gray_carpet":10,"minecraft:wheat_seeds":14,"minecraft:stone_pickaxe":1,"minecraft:iron_ingot":47,"minecraft:glass_bottle":4,"minecraft:glowstone_dust":2,"minecraft:iron_sword":6,"minecraft:dark_oak_slab":3,"minecraft:sand":1,"minecraft:birch_stairs":4,"minecraft:cyan_bed":11,"minecraft:spider_eye":4,"minecraft:slime_ball":6,"minecraft:stone_axe":1,"minecraft:iron_helmet":3,"minecraft:golden_apple":3,"minecraft:emerald":5,"minecraft:bread":87,"minecraft:bricks":3},"minecraft:dropped":{"minecraft:bread":32,"minecraft:wheat_seeds":14,"minecraft:glass_bottle":1,"minecraft:crafting_table":1,"minecraft:cobblestone":8,"minecraft:potion":1,"minecraft:stripped_birch_log":2,"minecraft:bone_meal":3,"minecraft:birch_log":6,"minecraft:lily_pad":1,"minecraft:gray_carpet":8,"minecraft:moss_carpet":1,"minecraft:birch_sapling":1,"minecraft:diamond_sword":1,"minecraft:shield":1,"minecraft:gunpowder":2,"minecraft:spider_eye":1,"minecraft:wooden_pickaxe":1,"minecraft:purple_carpet":4},"minecraft:killed_by":{"minecraft:skeleton":11,"minecraft:zombie":2},"minecraft:mined":{"minecraft:mangrove_roots":26,"minecraft:cave_vines_plant":1,"minecraft:grass_block":3,"minecraft:mud_bricks":2,"minecraft:moss_block":4,"minecraft:spawner":1,"minecraft:furnace":2,"minecraft:potatoes":6,"minecraft:vine":4,"minecraft:azalea_leaves":2,"minecraft:stone":19,"minecraft:birch_stairs":1,"minecraft:crafting_table":6,"minecraft:tall_grass":1,"minecraft:cyan_bed":1,"minecraft:bricks":1,"minecraft:sugar_cane":5,"minecraft:birch_log":20,"minecraft:wheat":6,"minecraft:birch_leaves":4,"minecraft:black_bed":3,"minecraft:grass":4,"minecraft:sand":1,"minecraft:small_dripleaf":1,"minecraft:deepslate":2}},"DataVersion":3465}