{"stats":{"minecraft:crafted":{"minecraft:birch_boat":2,"minecraft:bone_meal":3,"minecraft:cooked_mutton":1,"minecraft:diamond_helmet":1,"minecraft:diamond_leggings":1,"minecraft:iron_boots":1,"minecraft:stone_pickaxe":1,"minecraft:chest":1,"minecraft:diamond_boots":1,"minecraft:crafting_table":2,"minecraft:wooden_pickaxe":1,"minecraft:iron_helmet":1,"minecraft:iron_sword":1,"minecraft:birch_pressure_plate":1,"minecraft:bucket":1,"minecraft:birch_planks":56,"minecraft:stone_axe":1,"minecraft:air":0,"minecraft:shield":2,"minecraft:stick":8,"minecraft:iron_pickaxe":1,"minecraft:iron_leggings":1,"minecraft:diamond_chestplate":1},"minecraft:killed":{"minecraft:witch":6,"minecraft:spider":2,"minecraft:slime":4,"minecraft:skeleton":16,"minecraft:chicken":1,"minecraft:drowned":1,"minecraft:creeper":4,"minecraft:sheep":1,"minecraft:zombie":16,"minecraft:cow":1},"minecraft:custom":{"minecraft:mob_kills":56,"minecraft:interact_with_crafting_table":17,"minecraft:open_barrel":6,"minecraft:leave_game":7,"minecraft:time_since_death":1487,"minecraft:climb_one_cm":6253,"minecraft:damage_resisted":5954,"minecraft:sprint_one_cm":261013,"minecraft:walk_one_cm":256238,"minecraft:damage_blocked_by_shield":315,"minecraft:drop":62,"minecraft:play_time":115059,"minecraft:deaths":48,"minecraft:sneak_time":1897,"minecraft:walk_under_water_one_cm":19141,"minecraft:boat_one_cm":35567,"minecraft:jump":973,"minecraft:walk_on_water_one_cm":20580,"minecraft:total_world_time":115059,"minecraft:interact_with_furnace":2,"minecraft:play_record":7,"minecraft:tune_noteblock":5,"minecraft:sleep_in_bed":1,"minecraft:time_since_rest":1510,"minecraft:damage_taken":15787,"minecraft:damage_dealt":7472,"minecraft:swim_one_cm":38430,"minecraft:fly_one_cm":209842,"minecraft:open_chest":26,"minecraft:crouch_one_cm":2217,"minecraft:fall_one_cm":30538},"minecraft:used":{"minecraft:waxed_exposed_cut_copper":1,"minecraft:chest":1,"minecraft:shield":2,"minecraft:iron_sword":49,"minecraft:player_head":2,"minecraft:iron_chestplate":3,"minecraft:dirt":10,"minecraft:birch_pressure_plate":1,"minecraft:diamond_helmet":2,"minecraft:music_disc_mellohi":7,"minecraft:dark_oak_planks":1,"minecraft:packed_mud":1,"minecraft:iron_helmet":3,"minecraft:iron_boots":4,"minecraft:redstone_lamp":5,"minecraft:repeater":2,"minecraft:diamond_chestplate":3,"minecraft:golden_carrot":1,"minecraft:furnace":1,"minecraft:egg":6,"minecraft:iron_leggings":4,"minecraft:cooked_mutton":1,"minecraft:water_bucket":3,"minecraft:diamond_boots":3,"minecraft:stone_pickaxe":34,"minecraft:waxed_oxidized_cut_copper":1,"minecraft:birch_boat":2,"minecraft:wooden_pickaxe":15,"simplyswords:diamond_halberd":39,"minecraft:white_wool":2,"minecraft:glow_item_frame":2,"minecraft:sand":1,"minecraft:crafting_table":8,"minecraft:black_bed":3,"minecraft:lever":1,"minecraft:zombie_head":1,"minecraft:cyan_bed":2,"minecraft:bread":11,"minecraft:iron_pickaxe":12,"minecraft:stone_axe":89,"minecraft:potion":1,"minecraft:birch_log":2,"minecraft:bucket":4,"minecraft:diamond_leggings":2,"minecraft:golden_pickaxe":2,"minecraft:chainmail_leggings":1},"minecraft:picked_up":{"minecraft:waxed_oxidized_cut_copper":2,"minecraft:mud_brick_slab":3,"minecraft:charcoal":4,"minecraft:crafting_table":14,"minecraft:iron_chestplate":9,"minecraft:wheat":36,"minecraft:chicken":1,"minecraft:golden_pickaxe":2,"minecraft:redstone_lamp":4,"minecraft:smithing_table":7,"minecraft:wooden_pickaxe":1,"minecraft:gold_block":6,"minecraft:potion":8,"minecraft:birch_button":6,"minecraft:shield":7,"minecraft:polished_deepslate":4,"minecraft:dark_oak_trapdoor":11,"minecraft:waxed_cut_copper_slab":4,"minecraft:string":22,"minecraft:moss_carpet":2,"minecraft:iron_axe":10,"minecraft:iron_leggings":6,"minecraft:item_frame":2,"minecraft:compass":10,"minecraft:iron_shovel":3,"minecraft:zombie_head":4,"minecraft:diamond_leggings":1,"minecraft:cobbled_deepslate":152,"minecraft:spruce_planks":3,"minecraft:waxed_exposed_cut_copper":3,"minecraft:beef":1,"minecraft:spruce_slab":31,"minecraft:player_head":3,"minecraft:iron_nugget":110,"minecraft:iron_pickaxe":10,"minecraft:tinted_glass":13,"minecraft:sugar_cane":90,"minecraft:birch_sapling":2,"minecraft:furnace":9,"minecraft:iron_boots":19,"minecraft:stick":124,"minecraft:acacia_fence":1,"minecraft:glow_item_frame":6,"minecraft:copper_ingot":3,"minecraft:music_disc_mellohi":16,"minecraft:spruce_stairs":5,"minecraft:carrot":6,"minecraft:redstone":17,"minecraft:dark_oak_planks":47,"minecraft:diamond_chestplate":10,"minecraft:arrow":261,"minecraft:rotten_flesh":160,"simplyswords:diamond_halberd":11,"minecraft:peony":6,"minecraft:diamond_boots":5,"minecraft:cut_copper":68,"minecraft:gold_ingot":295,"minecraft:mangrove_roots":22,"minecraft:waxed_cut_copper":9,"minecraft:glow_berries":18,"minecraft:mutton":30,"minecraft:white_wool":3,"minecraft:cobblestone":36,"minecraft:birch_log":53,"minecraft:mud_bricks":124,"minecraft:lilac":2,"minecraft:repeater":6,"minecraft:golden_carrot":65,"minecraft:water_bucket":5,"minecraft:black_bed":3,"minecraft:leather":1,"minecraft:red_mushroom":4,"minecraft:potato":564,"minecraft:birch_planks":90,"minecraft:packed_mud":1,"minecraft:flint":20,"minecraft:waxed_copper_block":1,"minecraft:oak_log":30,"minecraft:lily_pad":1,"minecraft:gunpowder":19,"minecraft:stripped_birch_log":2,"minecraft:dirt":123,"minecraft:cooked_mutton":5,"minecraft:purple_carpet":24,"minecraft:red_carpet":1,"minecraft:bone":207,"minecraft:gray_carpet":40,"minecraft:acacia_trapdoor":16,"minecraft:wheat_seeds":15,"minecraft:stone_pickaxe":6,"minecraft:iron_ingot":343,"minecraft:diamond_helmet":5,"minecraft:glass_bottle":12,"minecraft:glowstone_dust":2,"minecraft:iron_sword":20,"minecraft:book":3,"minecraft:black_terracotta":1,"minecraft:dark_oak_slab":5,"minecraft:sand":1,"minecraft:birch_stairs":11,"minecraft:mud_brick_wall":17,"minecraft:cyan_bed":14,"minecraft:spider_eye":10,"minecraft:slime_ball":6,"minecraft:diamond":22,"minecraft:stone_axe":1,"minecraft:lever":2,"minecraft:iron_helmet":18,"minecraft:golden_apple":7,"minecraft:emerald":5,"minecraft:bread":275,"minecraft:bricks":3},"minecraft:dropped":{"minecraft:bread":63,"minecraft:iron_sword":2,"minecraft:wheat_seeds":15,"minecraft:mud_brick_slab":3,"minecraft:golden_pickaxe":1,"minecraft:glass_bottle":3,"minecraft:diamond":22,"minecraft:crafting_table":1,"minecraft:dark_oak_slab":1,"minecraft:iron_helmet":4,"minecraft:cobblestone":8,"minecraft:acacia_trapdoor":4,"minecraft:mud_brick_wall":14,"minecraft:dark_oak_trapdoor":11,"minecraft:potion":1,"minecraft:iron_leggings":1,"minecraft:stripped_birch_log":2,"minecraft:bone_meal":3,"minecraft:iron_axe":1,"minecraft:iron_pickaxe":1,"minecraft:string":3,"minecraft:birch_log":6,"minecraft:lily_pad":1,"minecraft:birch_stairs":1,"minecraft:gray_carpet":18,"minecraft:moss_carpet":2,"minecraft:compass":1,"minecraft:sugar_cane":18,"minecraft:birch_sapling":1,"minecraft:rotten_flesh":1,"minecraft:iron_boots":5,"minecraft:diamond_sword":1,"minecraft:potato":54,"minecraft:shield":1,"minecraft:gunpowder":5,"minecraft:peony":1,"minecraft:spider_eye":1,"minecraft:birch_button":1,"minecraft:wooden_pickaxe":1,"minecraft:music_disc_mellohi":1,"minecraft:purple_carpet":8},"minecraft:killed_by":{"minecraft:wither_skeleton":1,"minecraft:creeper":2,"minecraft:skeleton":30,"minecraft:zombie":14},"minecraft:mined":{"minecraft:mangrove_roots":26,"minecraft:cave_vines_plant":1,"minecraft:grass_block":3,"minecraft:redstone_wire":2,"minecraft:mud_bricks":2,"minecraft:moss_block":4,"minecraft:spawner":6,"minecraft:furnace":2,"minecraft:moss_carpet":1,"minecraft:peony":1,"minecraft:potatoes":6,"minecraft:vine":4,"minecraft:azalea_leaves":2,"minecraft:stone":19,"minecraft:white_wool":1,"minecraft:birch_stairs":1,"minecraft:player_wall_head":1,"minecraft:crafting_table":7,"minecraft:tall_grass":1,"minecraft:cyan_bed":1,"minecraft:bricks":1,"minecraft:sugar_cane":5,"minecraft:sculk":1,"minecraft:repeater":5,"minecraft:birch_log":20,"minecraft:wheat":6,"minecraft:lilac":1,"minecraft:birch_leaves":4,"minecraft:black_bed":3,"minecraft:grass":5,"minecraft:zombie_head":1,"minecraft:dirt":5,"minecraft:sand":1,"minecraft:small_dripleaf":4,"minecraft:deepslate":2}},"DataVersion":3465}