{"stats":{"minecraft:mined":{"minecraft:grass":1,"minecraft:birch_log":6,"minecraft:stone":14,"minecraft:birch_leaves":2},"minecraft:used":{"minecraft:crafting_table":1,"minecraft:wooden_pickaxe":14},"minecraft:custom":{"minecraft:time_since_rest":6425,"minecraft:play_time":6425,"minecraft:sprint_one_cm":6628,"minecraft:damage_taken":145,"minecraft:walk_one_cm":9579,"minecraft:sneak_time":32,"minecraft:mob_kills":1,"minecraft:jump":81,"minecraft:damage_dealt":195,"minecraft:leave_game":3,"minecraft:time_since_death":6425,"minecraft:total_world_time":6425,"minecraft:interact_with_crafting_table":1,"minecraft:fall_one_cm":1914,"minecraft:fly_one_cm":7159},"minecraft:killed":{"minecraft:zombie":1},"minecraft:crafted":{"minecraft:birch_planks":24,"minecraft:crafting_table":1,"minecraft:stick":4,"minecraft:wooden_pickaxe":1},"minecraft:picked_up":{"minecraft:birch_log":6,"minecraft:cobblestone":14}},"DataVersion":3465}