{"stats":{"minecraft:crafted":{"minecraft:crafting_table":1,"minecraft:stick":8,"minecraft:wooden_pickaxe":1,"minecraft:birch_boat":2,"minecraft:stone_pickaxe":1,"minecraft:birch_planks":24,"minecraft:stone_axe":1,"minecraft:air":0,"minecraft:cooked_mutton":1},"minecraft:killed":{"minecraft:sheep":1,"minecraft:zombie":3,"minecraft:chicken":1,"minecraft:cow":1},"minecraft:custom":{"minecraft:time_since_rest":49800,"minecraft:interact_with_furnace":2,"minecraft:sprint_one_cm":76437,"minecraft:damage_taken":1370,"minecraft:walk_one_cm":54333,"minecraft:mob_kills":6,"minecraft:drop":9,"minecraft:damage_dealt":938,"minecraft:swim_one_cm":17131,"minecraft:interact_with_crafting_table":4,"minecraft:fly_one_cm":123628,"minecraft:open_chest":1,"minecraft:crouch_one_cm":48,"minecraft:play_time":67059,"minecraft:deaths":1,"minecraft:sneak_time":112,"minecraft:walk_under_water_one_cm":2862,"minecraft:boat_one_cm":35567,"minecraft:jump":566,"minecraft:leave_game":7,"minecraft:time_since_death":49770,"minecraft:walk_on_water_one_cm":8133,"minecraft:climb_one_cm":3208,"minecraft:total_world_time":67059,"minecraft:fall_one_cm":22003},"minecraft:used":{"minecraft:cooked_mutton":1,"minecraft:stone_pickaxe":7,"minecraft:birch_boat":2,"minecraft:wooden_pickaxe":15,"minecraft:stone_axe":35,"minecraft:sand":1,"minecraft:crafting_table":3,"minecraft:furnace":1,"minecraft:birch_log":2,"minecraft:black_bed":1},"minecraft:picked_up":{"minecraft:birch_log":32,"minecraft:stick":2,"minecraft:crafting_table":5,"minecraft:chicken":1,"minecraft:black_bed":1,"minecraft:leather":1,"minecraft:wooden_pickaxe":1,"minecraft:birch_planks":12,"minecraft:birch_stairs":1,"minecraft:sand":1,"minecraft:lily_pad":1,"minecraft:stripped_birch_log":2,"minecraft:dirt":13,"minecraft:arrow":1,"minecraft:bone":1,"minecraft:rotten_flesh":1,"minecraft:stone_axe":1,"minecraft:beef":1,"minecraft:stone_pickaxe":1,"minecraft:mangrove_roots":1,"minecraft:sugar_cane":9,"minecraft:mutton":6,"minecraft:birch_sapling":2,"minecraft:bricks":1,"minecraft:white_wool":1,"minecraft:cobblestone":36,"minecraft:furnace":1},"minecraft:dropped":{"minecraft:crafting_table":1,"minecraft:birch_sapling":1,"minecraft:cobblestone":8,"minecraft:stripped_birch_log":2,"minecraft:birch_log":6},"minecraft:mined":{"minecraft:birch_stairs":1,"minecraft:furnace":1,"minecraft:birch_log":20,"minecraft:birch_leaves":4,"minecraft:mangrove_roots":1,"minecraft:black_bed":1,"minecraft:crafting_table":3,"minecraft:grass":3,"minecraft:grass_block":3,"minecraft:sand":1,"minecraft:stone":19,"minecraft:sugar_cane":5,"minecraft:bricks":1}},"DataVersion":3465}