{"stats":{"minecraft:crafted":{"minecraft:crafting_table":1,"minecraft:birch_boat":2,"minecraft:wooden_pickaxe":1,"minecraft:iron_sword":1,"minecraft:bucket":1,"minecraft:bone_meal":3,"minecraft:birch_planks":56,"minecraft:stone_axe":1,"minecraft:cooked_mutton":1,"minecraft:air":0,"minecraft:shield":2,"minecraft:stick":8,"minecraft:stone_pickaxe":1},"minecraft:killed":{"minecraft:witch":6,"minecraft:spider":1,"minecraft:slime":4,"minecraft:sheep":1,"minecraft:zombie":4,"minecraft:chicken":1,"minecraft:cow":1},"minecraft:custom":{"minecraft:interact_with_furnace":2,"minecraft:mob_kills":18,"minecraft:interact_with_crafting_table":7,"minecraft:open_barrel":3,"minecraft:leave_game":7,"minecraft:time_since_death":61770,"minecraft:sleep_in_bed":1,"minecraft:climb_one_cm":5297,"minecraft:time_since_rest":8213,"minecraft:sprint_one_cm":104887,"minecraft:damage_taken":1700,"minecraft:walk_one_cm":90828,"minecraft:drop":20,"minecraft:damage_dealt":2973,"minecraft:swim_one_cm":24755,"minecraft:fly_one_cm":159780,"minecraft:open_chest":10,"minecraft:crouch_one_cm":474,"minecraft:play_time":79059,"minecraft:deaths":1,"minecraft:sneak_time":310,"minecraft:walk_under_water_one_cm":4756,"minecraft:boat_one_cm":35567,"minecraft:jump":746,"minecraft:walk_on_water_one_cm":11341,"minecraft:total_world_time":79059,"minecraft:fall_one_cm":23668},"minecraft:used":{"minecraft:cooked_mutton":1,"minecraft:water_bucket":1,"minecraft:stone_pickaxe":22,"minecraft:wooden_pickaxe":15,"minecraft:birch_boat":2,"minecraft:iron_sword":17,"minecraft:iron_chestplate":1,"minecraft:white_wool":1,"minecraft:sand":1,"minecraft:crafting_table":6,"minecraft:black_bed":2,"minecraft:bread":6,"minecraft:stone_axe":89,"minecraft:potion":1,"minecraft:furnace":1,"minecraft:bucket":2,"minecraft:birch_log":2,"minecraft:egg":6},"minecraft:picked_up":{"minecraft:birch_log":32,"minecraft:wheat":6,"minecraft:crafting_table":8,"minecraft:chicken":1,"minecraft:black_bed":3,"minecraft:leather":1,"minecraft:wooden_pickaxe":1,"minecraft:potato":22,"minecraft:birch_planks":12,"minecraft:potion":2,"minecraft:lily_pad":1,"minecraft:gunpowder":4,"minecraft:string":2,"minecraft:dirt":13,"minecraft:stripped_birch_log":2,"minecraft:moss_carpet":1,"minecraft:cooked_mutton":1,"minecraft:bone":1,"minecraft:wheat_seeds":14,"minecraft:iron_ingot":1,"minecraft:beef":1,"minecraft:stone_pickaxe":1,"minecraft:glowstone_dust":2,"minecraft:glass_bottle":2,"minecraft:sugar_cane":9,"minecraft:birch_sapling":2,"minecraft:furnace":2,"minecraft:stick":4,"minecraft:birch_stairs":1,"minecraft:sand":1,"minecraft:cyan_bed":1,"minecraft:carrot":1,"minecraft:redstone":2,"minecraft:spider_eye":2,"minecraft:arrow":1,"minecraft:rotten_flesh":3,"minecraft:slime_ball":2,"minecraft:stone_axe":1,"minecraft:mangrove_roots":22,"minecraft:emerald":5,"minecraft:mutton":8,"minecraft:bricks":1,"minecraft:white_wool":1,"minecraft:cobblestone":36},"minecraft:dropped":{"minecraft:bread":32,"minecraft:moss_carpet":1,"minecraft:wheat_seeds":14,"minecraft:glass_bottle":1,"minecraft:crafting_table":1,"minecraft:birch_sapling":1,"minecraft:cobblestone":8,"minecraft:shield":1,"minecraft:gunpowder":2,"minecraft:potion":1,"minecraft:stripped_birch_log":2,"minecraft:spider_eye":1,"minecraft:bone_meal":3,"minecraft:wooden_pickaxe":1,"minecraft:lily_pad":1,"minecraft:birch_log":6},"minecraft:mined":{"minecraft:birch_stairs":1,"minecraft:mangrove_roots":26,"minecraft:crafting_table":6,"minecraft:grass_block":3,"minecraft:tall_grass":1,"minecraft:mud_bricks":2,"minecraft:moss_block":4,"minecraft:cyan_bed":1,"minecraft:sugar_cane":5,"minecraft:bricks":1,"minecraft:furnace":2,"minecraft:birch_log":20,"minecraft:wheat":6,"minecraft:birch_leaves":4,"minecraft:black_bed":3,"minecraft:grass":3,"minecraft:potatoes":6,"minecraft:vine":4,"minecraft:sand":1,"minecraft:azalea_leaves":2,"minecraft:stone":19,"minecraft:deepslate":2}},"DataVersion":3465}