{"stats":{"minecraft:mined":{"minecraft:grass":1,"minecraft:grass_block":1,"minecraft:birch_log":16,"minecraft:stone":14,"minecraft:birch_leaves":2,"minecraft:crafting_table":1},"minecraft:used":{"minecraft:stone_axe":13,"minecraft:crafting_table":1,"minecraft:wooden_pickaxe":15},"minecraft:custom":{"minecraft:time_since_rest":1052,"minecraft:play_time":18311,"minecraft:sprint_one_cm":25428,"minecraft:deaths":1,"minecraft:damage_taken":1175,"minecraft:walk_one_cm":15879,"minecraft:sneak_time":72,"minecraft:walk_under_water_one_cm":1187,"minecraft:mob_kills":2,"minecraft:jump":208,"minecraft:damage_dealt":295,"minecraft:leave_game":4,"minecraft:walk_on_water_one_cm":1821,"minecraft:time_since_death":1022,"minecraft:total_world_time":18311,"minecraft:swim_one_cm":1983,"minecraft:interact_with_crafting_table":2,"minecraft:fall_one_cm":14677,"minecraft:fly_one_cm":67845},"minecraft:killed":{"minecraft:zombie":1,"minecraft:cow":1},"minecraft:crafted":{"minecraft:birch_planks":24,"minecraft:stone_axe":1,"minecraft:crafting_table":1,"minecraft:stick":8,"minecraft:wooden_pickaxe":1,"minecraft:stone_pickaxe":1},"minecraft:picked_up":{"minecraft:birch_log":26,"minecraft:stick":2,"minecraft:crafting_table":2,"minecraft:stone_axe":1,"minecraft:leather":1,"minecraft:wooden_pickaxe":1,"minecraft:beef":1,"minecraft:stone_pickaxe":1,"minecraft:cobblestone":22,"minecraft:birch_sapling":2,"minecraft:mutton":4,"minecraft:dirt":1}},"DataVersion":3465}