{"stats":{"minecraft:crafted":{"minecraft:crafting_table":2,"minecraft:stick":4,"minecraft:stone_pickaxe":1,"minecraft:birch_planks":20,"minecraft:stone_axe":1},"minecraft:custom":{"minecraft:time_since_rest":8854,"minecraft:interact_with_furnace":2,"minecraft:sprint_one_cm":44332,"minecraft:damage_taken":300,"minecraft:walk_one_cm":25265,"minecraft:play_noteblock":17,"minecraft:tune_noteblock":5,"minecraft:swim_one_cm":2543,"minecraft:interact_with_crafting_table":3,"minecraft:fly_one_cm":27303,"minecraft:open_chest":3,"minecraft:crouch_one_cm":194,"minecraft:play_time":13198,"minecraft:deaths":1,"minecraft:sneak_time":34,"minecraft:walk_under_water_one_cm":5317,"minecraft:boat_one_cm":35681,"minecraft:jump":168,"minecraft:time_since_death":8806,"minecraft:walk_on_water_one_cm":2297,"minecraft:total_world_time":13198,"minecraft:climb_one_cm":2998,"minecraft:fall_one_cm":3196},"minecraft:used":{"minecraft:stone_pickaxe":9,"minecraft:birch_sapling":1,"minecraft:stone_axe":43,"minecraft:dirt":1,"minecraft:crafting_table":2,"minecraft:birch_log":4},"minecraft:picked_up":{"minecraft:birch_log":12,"minecraft:charcoal":2,"minecraft:stick":3,"minecraft:crafting_table":2,"minecraft:birch_boat":1,"minecraft:note_block":7,"minecraft:birch_planks":10,"minecraft:lily_pad":2,"minecraft:cyan_bed":1,"minecraft:moss_carpet":5,"minecraft:dirt":26,"minecraft:stripped_birch_log":2,"minecraft:stone_pickaxe":1,"minecraft:mangrove_roots":27,"minecraft:sugar_cane":18,"minecraft:birch_sapling":1,"minecraft:cobblestone":7},"minecraft:killed_by":{"minecraft:creeper":1},"minecraft:mined":{"minecraft:birch_log":7,"minecraft:mangrove_roots":27,"minecraft:crafting_table":1,"minecraft:note_block":7,"minecraft:vine":1,"minecraft:dirt":1,"minecraft:campfire":1,"minecraft:cyan_bed":1,"minecraft:stone":2,"minecraft:sugar_cane":9}},"DataVersion":3465}