{"stats":{"minecraft:crafted":{"minecraft:diamond_helmet":1,"minecraft:diamond_leggings":1,"minecraft:iron_boots":1,"minecraft:iron_axe":1,"minecraft:stone_pickaxe":1,"minecraft:diamond_boots":1,"minecraft:diamond_sword":1,"minecraft:crafting_table":2,"minecraft:iron_helmet":1,"minecraft:iron_sword":1,"minecraft:golden_pickaxe":1,"minecraft:birch_planks":20,"minecraft:stone_axe":1,"minecraft:iron_chestplate":1,"minecraft:stick":16,"minecraft:iron_pickaxe":1},"minecraft:killed":{"minecraft:witch":2,"minecraft:slime":1,"minecraft:skeleton":1,"minecraft:zombie":3},"minecraft:custom":{"minecraft:mob_kills":10,"minecraft:interact_with_crafting_table":10,"minecraft:open_barrel":10,"minecraft:bell_ring":3,"minecraft:leave_game":1,"minecraft:time_since_death":3280,"minecraft:climb_one_cm":10867,"minecraft:sprint_one_cm":239490,"minecraft:walk_one_cm":178982,"minecraft:damage_blocked_by_shield":3225,"minecraft:drop":21,"minecraft:play_noteblock":218,"minecraft:play_time":77093,"minecraft:deaths":29,"minecraft:sneak_time":4513,"minecraft:walk_under_water_one_cm":29536,"minecraft:boat_one_cm":35681,"minecraft:jump":762,"minecraft:interact_with_brewingstand":1,"minecraft:walk_on_water_one_cm":24999,"minecraft:total_world_time":77093,"minecraft:interact_with_furnace":2,"minecraft:play_record":1,"minecraft:tune_noteblock":192,"minecraft:sleep_in_bed":1,"minecraft:time_since_rest":3311,"minecraft:damage_taken":11745,"minecraft:damage_dealt":1757,"minecraft:swim_one_cm":8817,"minecraft:fly_one_cm":86430,"minecraft:open_chest":30,"minecraft:crouch_one_cm":9352,"minecraft:fall_one_cm":27214},"minecraft:used":{"minecraft:iron_shovel":1,"minecraft:spruce_planks":1,"minecraft:shield":15,"minecraft:tinted_glass":23,"minecraft:iron_sword":5,"minecraft:dirt":26,"minecraft:cut_copper":9,"minecraft:oak_wood":2,"minecraft:music_disc_mellohi":1,"minecraft:dark_oak_planks":1,"minecraft:waxed_cut_copper":2,"minecraft:iron_axe":1,"minecraft:birch_sapling":1,"minecraft:packed_mud":2,"minecraft:iron_boots":1,"minecraft:waxed_cut_copper_slab":1,"minecraft:mangrove_roots":27,"minecraft:cobbled_deepslate":6,"minecraft:birch_planks":6,"minecraft:stripped_birch_log":1,"minecraft:stone_pickaxe":9,"minecraft:mud_brick_slab":1,"minecraft:waxed_oxidized_cut_copper":2,"minecraft:waxed_copper_block":1,"minecraft:glow_berries":3,"minecraft:crafting_table":3,"minecraft:note_block":6,"minecraft:cyan_bed":1,"minecraft:bread":7,"minecraft:iron_pickaxe":35,"minecraft:stone_axe":78,"minecraft:diamond_sword":4,"minecraft:potion":1,"minecraft:birch_log":4,"minecraft:waxed_cut_copper_stairs":7},"minecraft:picked_up":{"minecraft:waxed_oxidized_cut_copper":5,"minecraft:mud_brick_slab":9,"minecraft:charcoal":6,"minecraft:crafting_table":4,"minecraft:iron_chestplate":9,"minecraft:creeper_head":1,"minecraft:golden_pickaxe":4,"minecraft:smithing_table":1,"minecraft:diamond_sword":3,"minecraft:gold_block":1,"minecraft:potion":5,"minecraft:birch_button":7,"minecraft:shield":4,"minecraft:string":10,"minecraft:moss_carpet":5,"minecraft:waxed_cut_copper_slab":4,"minecraft:iron_axe":3,"minecraft:iron_leggings":5,"minecraft:item_frame":6,"minecraft:compass":5,"minecraft:iron_shovel":3,"minecraft:diamond_leggings":1,"minecraft:cobbled_deepslate":83,"minecraft:comparator":1,"minecraft:spruce_planks":2,"minecraft:waxed_exposed_cut_copper":2,"minecraft:redstone_torch":1,"minecraft:iron_nugget":20,"minecraft:player_head":1,"minecraft:iron_pickaxe":5,"minecraft:spruce_slab":13,"minecraft:tinted_glass":23,"minecraft:sugar_cane":54,"minecraft:birch_sapling":1,"minecraft:iron_boots":6,"minecraft:stick":49,"minecraft:acacia_fence":2,"minecraft:glow_item_frame":6,"minecraft:amethyst_cluster":2,"minecraft:spruce_stairs":1,"minecraft:music_disc_mellohi":6,"minecraft:note_block":10,"minecraft:lightning_rod":1,"minecraft:carrot":5,"minecraft:redstone":17,"minecraft:dark_oak_planks":58,"minecraft:waxed_cut_copper_stairs":7,"minecraft:arrow":21,"minecraft:rotten_flesh":18,"minecraft:diamond_chestplate":1,"simplyswords:diamond_halberd":3,"minecraft:peony":1,"minecraft:cut_copper":18,"minecraft:mangrove_roots":27,"minecraft:gold_ingot":185,"minecraft:waxed_cut_copper":11,"minecraft:glow_berries":8,"minecraft:mutton":8,"minecraft:white_wool":1,"minecraft:cobblestone":7,"minecraft:birch_log":12,"minecraft:magma_block":1,"minecraft:mud_bricks":48,"minecraft:clock":2,"minecraft:lilac":1,"minecraft:golden_carrot":21,"minecraft:water_bucket":3,"minecraft:red_mushroom":1,"minecraft:potato":228,"minecraft:birch_planks":16,"minecraft:packed_mud":3,"minecraft:flint":15,"minecraft:waxed_copper_block":1,"minecraft:oak_log":20,"minecraft:lily_pad":2,"minecraft:gunpowder":8,"minecraft:dirt":47,"minecraft:stripped_birch_log":3,"minecraft:purple_carpet":12,"minecraft:cooked_mutton":2,"minecraft:red_carpet":6,"minecraft:bone":81,"minecraft:gray_carpet":50,"minecraft:wheat_seeds":1,"minecraft:acacia_trapdoor":2,"minecraft:iron_ingot":150,"minecraft:stone_pickaxe":5,"minecraft:diamond_helmet":4,"minecraft:glass_bottle":8,"minecraft:glowstone_dust":2,"minecraft:moss_block":1,"minecraft:iron_sword":6,"minecraft:book":3,"minecraft:black_terracotta":2,"minecraft:dark_oak_slab":6,"minecraft:birch_boat":1,"minecraft:mud_brick_wall":2,"minecraft:cyan_bed":5,"minecraft:spider_eye":4,"minecraft:dark_prismarine":6,"minecraft:oak_wood":2,"minecraft:slime_ball":2,"minecraft:diamond":52,"minecraft:lever":2,"minecraft:iron_helmet":7,"minecraft:golden_apple":5,"minecraft:emerald":1,"minecraft:bread":184},"minecraft:broken":{"minecraft:shield":1},"minecraft:dropped":{"minecraft:iron_ingot":1,"minecraft:mud_brick_slab":3,"minecraft:diamond":22,"minecraft:diamond_leggings":1,"minecraft:dark_oak_slab":1,"minecraft:iron_helmet":1,"simplyswords:diamond_halberd":1,"minecraft:acacia_trapdoor":2,"minecraft:red_carpet":1,"minecraft:mud_brick_wall":1,"minecraft:diamond_helmet":1,"minecraft:iron_leggings":1,"minecraft:moss_carpet":5,"minecraft:sugar_cane":9,"minecraft:iron_boots":3,"minecraft:stone":1,"minecraft:birch_button":3},"minecraft:killed_by":{"minecraft:player":1,"minecraft:wither_skeleton":1,"minecraft:creeper":4,"minecraft:skeleton":11,"minecraft:zombie":11},"minecraft:mined":{"minecraft:dark_oak_planks":3,"minecraft:waxed_cut_copper_slab":1,"minecraft:dark_oak_leaves":2,"minecraft:black_terracotta":1,"minecraft:stripped_birch_log":1,"minecraft:mangrove_roots":27,"minecraft:white_stained_glass":3,"minecraft:red_mushroom":1,"minecraft:mud_bricks":3,"minecraft:moss_block":1,"minecraft:magma_block":1,"minecraft:packed_mud":1,"minecraft:cobbled_deepslate":5,"minecraft:vine":3,"minecraft:cut_copper":1,"minecraft:stone":2,"minecraft:smithing_table":1,"minecraft:comparator":1,"minecraft:crafting_table":1,"minecraft:note_block":9,"minecraft:oak_wood":2,"minecraft:gray_stained_glass":1,"minecraft:campfire":1,"minecraft:cyan_bed":3,"minecraft:sugar_cane":9,"minecraft:dark_oak_slab":1,"minecraft:light_gray_stained_glass":2,"minecraft:tinted_glass":11,"minecraft:birch_log":7,"minecraft:grass":1,"minecraft:acacia_fence":1,"minecraft:birch_button":1,"minecraft:dirt":1,"minecraft:cobweb":1,"minecraft:deepslate":20}},"DataVersion":3465}