{"stats":{"minecraft:crafted":{"minecraft:crafting_table":2,"minecraft:iron_helmet":1,"minecraft:iron_sword":1,"minecraft:birch_planks":20,"minecraft:stone_axe":1,"minecraft:iron_boots":1,"minecraft:iron_chestplate":1,"minecraft:iron_axe":1,"minecraft:stick":8,"minecraft:iron_pickaxe":1,"minecraft:stone_pickaxe":1},"minecraft:killed":{"minecraft:witch":2,"minecraft:slime":1,"minecraft:skeleton":1},"minecraft:custom":{"minecraft:interact_with_furnace":2,"minecraft:mob_kills":5,"minecraft:interact_with_crafting_table":7,"minecraft:tune_noteblock":5,"minecraft:open_barrel":7,"minecraft:bell_ring":3,"minecraft:time_since_death":502,"minecraft:climb_one_cm":8762,"minecraft:sleep_in_bed":1,"minecraft:time_since_rest":528,"minecraft:sprint_one_cm":98815,"minecraft:damage_taken":1374,"minecraft:walk_one_cm":74853,"minecraft:damage_blocked_by_shield":2085,"minecraft:drop":3,"minecraft:damage_dealt":1091,"minecraft:play_noteblock":17,"minecraft:swim_one_cm":2543,"minecraft:fly_one_cm":46416,"minecraft:open_chest":17,"minecraft:crouch_one_cm":3055,"minecraft:play_time":37198,"minecraft:deaths":4,"minecraft:sneak_time":1659,"minecraft:walk_under_water_one_cm":6051,"minecraft:boat_one_cm":35681,"minecraft:jump":409,"minecraft:walk_on_water_one_cm":4699,"minecraft:total_world_time":37198,"minecraft:fall_one_cm":7448},"minecraft:used":{"minecraft:iron_shovel":1,"minecraft:stripped_birch_log":1,"minecraft:stone_pickaxe":9,"minecraft:shield":11,"minecraft:iron_sword":2,"minecraft:glow_berries":3,"minecraft:dirt":26,"minecraft:cut_copper":1,"minecraft:crafting_table":2,"minecraft:bread":7,"minecraft:birch_sapling":1,"minecraft:iron_pickaxe":31,"minecraft:stone_axe":78,"minecraft:diamond_sword":3,"minecraft:potion":1,"minecraft:mangrove_roots":27,"minecraft:birch_log":4,"minecraft:cobbled_deepslate":6},"minecraft:picked_up":{"minecraft:birch_log":12,"minecraft:charcoal":2,"minecraft:crafting_table":2,"minecraft:mud_bricks":2,"minecraft:clock":1,"minecraft:water_bucket":1,"minecraft:smithing_table":1,"minecraft:diamond_sword":1,"minecraft:red_mushroom":1,"minecraft:birch_planks":10,"minecraft:potion":2,"minecraft:packed_mud":1,"minecraft:flint":5,"minecraft:oak_log":10,"minecraft:lily_pad":2,"minecraft:shield":1,"minecraft:gunpowder":2,"minecraft:string":4,"minecraft:waxed_cut_copper_slab":1,"minecraft:stripped_birch_log":3,"minecraft:dirt":38,"minecraft:moss_carpet":5,"minecraft:iron_shovel":1,"minecraft:compass":1,"minecraft:bone":4,"minecraft:red_carpet":3,"minecraft:gray_carpet":2,"minecraft:cobbled_deepslate":45,"minecraft:stone_pickaxe":1,"minecraft:glowstone_dust":2,"minecraft:moss_block":1,"minecraft:sugar_cane":18,"minecraft:birch_sapling":1,"minecraft:stick":4,"minecraft:dark_oak_slab":1,"minecraft:birch_boat":1,"minecraft:glow_item_frame":2,"minecraft:note_block":7,"minecraft:cyan_bed":1,"minecraft:redstone":6,"minecraft:dark_oak_planks":6,"minecraft:diamond_chestplate":1,"minecraft:rotten_flesh":10,"minecraft:slime_ball":2,"minecraft:iron_helmet":3,"minecraft:cut_copper":1,"minecraft:gold_ingot":23,"minecraft:mangrove_roots":27,"minecraft:bread":32,"minecraft:emerald":1,"minecraft:glow_berries":2,"minecraft:mutton":6,"minecraft:cobblestone":7},"minecraft:broken":{"minecraft:shield":1},"minecraft:dropped":{"minecraft:iron_ingot":1,"minecraft:moss_carpet":5,"minecraft:stone":1},"minecraft:killed_by":{"minecraft:skeleton":3,"minecraft:creeper":1},"minecraft:mined":{"minecraft:smithing_table":1,"minecraft:dark_oak_planks":3,"minecraft:waxed_cut_copper_slab":1,"minecraft:stripped_birch_log":1,"minecraft:mangrove_roots":27,"minecraft:crafting_table":1,"minecraft:note_block":7,"minecraft:campfire":1,"minecraft:cyan_bed":1,"minecraft:mud_bricks":2,"minecraft:sugar_cane":9,"minecraft:red_mushroom":1,"minecraft:dark_oak_slab":1,"minecraft:packed_mud":1,"minecraft:birch_log":7,"minecraft:cobbled_deepslate":5,"minecraft:vine":2,"minecraft:dirt":1,"minecraft:cobweb":1,"minecraft:stone":2,"minecraft:cut_copper":1,"minecraft:deepslate":20}},"DataVersion":3465}