{"stats":{"minecraft:crafted":{"minecraft:crafting_table":2,"minecraft:iron_sword":1,"minecraft:birch_planks":20,"minecraft:stone_axe":1,"minecraft:stick":8,"minecraft:iron_pickaxe":1,"minecraft:stone_pickaxe":1},"minecraft:killed":{"minecraft:witch":2,"minecraft:slime":1},"minecraft:custom":{"minecraft:interact_with_furnace":2,"minecraft:mob_kills":3,"minecraft:interact_with_crafting_table":4,"minecraft:tune_noteblock":5,"minecraft:open_barrel":1,"minecraft:bell_ring":3,"minecraft:time_since_death":20806,"minecraft:climb_one_cm":5634,"minecraft:sleep_in_bed":1,"minecraft:time_since_rest":8213,"minecraft:sprint_one_cm":64782,"minecraft:damage_taken":630,"minecraft:walk_one_cm":43611,"minecraft:drop":3,"minecraft:damage_dealt":975,"minecraft:play_noteblock":17,"minecraft:swim_one_cm":2543,"minecraft:fly_one_cm":39317,"minecraft:open_chest":8,"minecraft:crouch_one_cm":1870,"minecraft:play_time":25198,"minecraft:deaths":1,"minecraft:sneak_time":1210,"minecraft:walk_under_water_one_cm":5340,"minecraft:boat_one_cm":35681,"minecraft:jump":325,"minecraft:walk_on_water_one_cm":2765,"minecraft:total_world_time":25198,"minecraft:fall_one_cm":4775},"minecraft:used":{"minecraft:stripped_birch_log":1,"minecraft:stone_pickaxe":9,"minecraft:iron_sword":2,"minecraft:dirt":26,"minecraft:crafting_table":2,"minecraft:bread":4,"minecraft:birch_sapling":1,"minecraft:iron_pickaxe":25,"minecraft:stone_axe":78,"minecraft:potion":1,"minecraft:mangrove_roots":27,"minecraft:birch_log":4},"minecraft:picked_up":{"minecraft:birch_log":12,"minecraft:charcoal":2,"minecraft:crafting_table":2,"minecraft:mud_bricks":2,"minecraft:clock":1,"minecraft:red_mushroom":1,"minecraft:birch_planks":10,"minecraft:potion":1,"minecraft:packed_mud":1,"minecraft:lily_pad":2,"minecraft:shield":1,"minecraft:gunpowder":2,"minecraft:waxed_cut_copper_slab":1,"minecraft:stripped_birch_log":3,"minecraft:dirt":26,"minecraft:moss_carpet":5,"minecraft:compass":1,"minecraft:cobbled_deepslate":20,"minecraft:stone_pickaxe":1,"minecraft:glowstone_dust":2,"minecraft:moss_block":1,"minecraft:sugar_cane":18,"minecraft:birch_sapling":1,"minecraft:stick":4,"minecraft:dark_oak_slab":1,"minecraft:birch_boat":1,"minecraft:glow_item_frame":2,"minecraft:note_block":7,"minecraft:cyan_bed":1,"minecraft:dark_oak_planks":3,"minecraft:slime_ball":2,"minecraft:cut_copper":1,"minecraft:mangrove_roots":27,"minecraft:bread":32,"minecraft:emerald":1,"minecraft:cobblestone":7},"minecraft:dropped":{"minecraft:iron_ingot":1,"minecraft:moss_carpet":5,"minecraft:stone":1},"minecraft:killed_by":{"minecraft:creeper":1},"minecraft:mined":{"minecraft:dark_oak_planks":3,"minecraft:waxed_cut_copper_slab":1,"minecraft:stripped_birch_log":1,"minecraft:mangrove_roots":27,"minecraft:crafting_table":1,"minecraft:note_block":7,"minecraft:campfire":1,"minecraft:cyan_bed":1,"minecraft:mud_bricks":2,"minecraft:sugar_cane":9,"minecraft:red_mushroom":1,"minecraft:dark_oak_slab":1,"minecraft:packed_mud":1,"minecraft:birch_log":7,"minecraft:vine":2,"minecraft:dirt":1,"minecraft:cobweb":1,"minecraft:stone":2,"minecraft:cut_copper":1,"minecraft:deepslate":20}},"DataVersion":3465}