{"stats":{"minecraft:crafted":{"minecraft:crafting_table":2,"minecraft:iron_helmet":1,"minecraft:iron_sword":1,"minecraft:golden_pickaxe":1,"minecraft:birch_planks":20,"minecraft:stone_axe":1,"minecraft:iron_boots":1,"minecraft:iron_chestplate":1,"minecraft:iron_axe":1,"minecraft:stick":12,"minecraft:iron_pickaxe":1,"minecraft:stone_pickaxe":1},"minecraft:killed":{"minecraft:witch":2,"minecraft:slime":1,"minecraft:skeleton":1,"minecraft:zombie":1},"minecraft:custom":{"minecraft:interact_with_furnace":2,"minecraft:mob_kills":7,"minecraft:play_record":1,"minecraft:interact_with_crafting_table":8,"minecraft:tune_noteblock":5,"minecraft:open_barrel":9,"minecraft:bell_ring":3,"minecraft:time_since_death":649,"minecraft:climb_one_cm":9740,"minecraft:sleep_in_bed":1,"minecraft:time_since_rest":674,"minecraft:sprint_one_cm":167359,"minecraft:damage_taken":3564,"minecraft:walk_one_cm":127010,"minecraft:damage_blocked_by_shield":3225,"minecraft:drop":9,"minecraft:damage_dealt":1324,"minecraft:play_noteblock":17,"minecraft:swim_one_cm":2543,"minecraft:fly_one_cm":53937,"minecraft:open_chest":23,"minecraft:crouch_one_cm":3166,"minecraft:play_time":49198,"minecraft:deaths":12,"minecraft:sneak_time":1771,"minecraft:walk_under_water_one_cm":6051,"minecraft:boat_one_cm":35681,"minecraft:jump":495,"minecraft:walk_on_water_one_cm":4699,"minecraft:total_world_time":49198,"minecraft:fall_one_cm":8667},"minecraft:used":{"minecraft:iron_shovel":1,"minecraft:stripped_birch_log":1,"minecraft:stone_pickaxe":9,"minecraft:shield":15,"minecraft:iron_sword":5,"minecraft:glow_berries":3,"minecraft:dirt":26,"minecraft:cut_copper":8,"minecraft:crafting_table":2,"minecraft:music_disc_mellohi":1,"minecraft:dark_oak_planks":1,"minecraft:iron_axe":1,"minecraft:bread":7,"minecraft:packed_mud":2,"minecraft:birch_sapling":1,"minecraft:iron_pickaxe":33,"minecraft:stone_axe":78,"minecraft:diamond_sword":3,"minecraft:waxed_cut_copper_slab":1,"minecraft:potion":1,"minecraft:mangrove_roots":27,"minecraft:birch_log":4,"minecraft:cobbled_deepslate":6},"minecraft:picked_up":{"minecraft:birch_log":12,"minecraft:charcoal":6,"minecraft:iron_chestplate":4,"minecraft:crafting_table":3,"minecraft:mud_bricks":15,"minecraft:clock":1,"minecraft:golden_carrot":7,"minecraft:water_bucket":3,"minecraft:golden_pickaxe":4,"minecraft:smithing_table":1,"minecraft:diamond_sword":1,"minecraft:red_mushroom":1,"minecraft:potato":66,"minecraft:birch_planks":10,"minecraft:birch_button":4,"minecraft:potion":4,"minecraft:packed_mud":3,"minecraft:flint":15,"minecraft:oak_log":20,"minecraft:lily_pad":2,"minecraft:shield":3,"minecraft:gunpowder":2,"minecraft:string":4,"minecraft:waxed_cut_copper_slab":4,"minecraft:stripped_birch_log":3,"minecraft:dirt":38,"minecraft:moss_carpet":5,"minecraft:iron_axe":2,"minecraft:iron_leggings":2,"minecraft:cooked_mutton":2,"minecraft:purple_carpet":4,"minecraft:iron_shovel":3,"minecraft:compass":2,"minecraft:bone":41,"minecraft:red_carpet":6,"minecraft:gray_carpet":20,"minecraft:wheat_seeds":1,"minecraft:cobbled_deepslate":64,"minecraft:comparator":1,"minecraft:iron_ingot":92,"minecraft:stone_pickaxe":3,"minecraft:player_head":1,"minecraft:spruce_slab":2,"minecraft:glass_bottle":2,"minecraft:iron_pickaxe":2,"minecraft:glowstone_dust":2,"minecraft:moss_block":1,"minecraft:sugar_cane":36,"minecraft:birch_sapling":1,"minecraft:iron_sword":4,"minecraft:iron_boots":2,"minecraft:book":1,"minecraft:stick":46,"minecraft:dark_oak_slab":3,"minecraft:acacia_fence":2,"minecraft:birch_boat":1,"minecraft:glow_item_frame":4,"minecraft:music_disc_mellohi":2,"minecraft:note_block":7,"minecraft:mud_brick_wall":1,"minecraft:carrot":2,"minecraft:cyan_bed":3,"minecraft:redstone":10,"minecraft:spider_eye":2,"minecraft:dark_oak_planks":26,"minecraft:arrow":21,"simplyswords:diamond_halberd":3,"minecraft:diamond_chestplate":1,"minecraft:rotten_flesh":15,"minecraft:slime_ball":2,"minecraft:iron_helmet":5,"minecraft:cut_copper":18,"minecraft:golden_apple":3,"minecraft:gold_ingot":81,"minecraft:mangrove_roots":27,"minecraft:bread":94,"minecraft:emerald":1,"minecraft:waxed_cut_copper":9,"minecraft:glow_berries":2,"minecraft:mutton":6,"minecraft:cobblestone":7},"minecraft:broken":{"minecraft:shield":1},"minecraft:dropped":{"minecraft:iron_ingot":1,"minecraft:moss_carpet":5,"minecraft:sugar_cane":9,"minecraft:dark_oak_slab":1,"simplyswords:diamond_halberd":1,"minecraft:red_carpet":1,"minecraft:stone":1,"minecraft:mud_brick_wall":1,"minecraft:birch_button":1},"minecraft:killed_by":{"minecraft:wither_skeleton":1,"minecraft:skeleton":9,"minecraft:creeper":2},"minecraft:mined":{"minecraft:smithing_table":1,"minecraft:dark_oak_planks":3,"minecraft:waxed_cut_copper_slab":1,"minecraft:comparator":1,"minecraft:stripped_birch_log":1,"minecraft:mangrove_roots":27,"minecraft:crafting_table":1,"minecraft:note_block":7,"minecraft:campfire":1,"minecraft:moss_block":1,"minecraft:cyan_bed":1,"minecraft:mud_bricks":3,"minecraft:sugar_cane":9,"minecraft:red_mushroom":1,"minecraft:dark_oak_slab":1,"minecraft:packed_mud":1,"minecraft:birch_log":7,"minecraft:cobbled_deepslate":5,"minecraft:grass":1,"minecraft:vine":2,"minecraft:acacia_fence":1,"minecraft:birch_button":1,"minecraft:dirt":1,"minecraft:cobweb":1,"minecraft:stone":2,"minecraft:cut_copper":1,"minecraft:deepslate":20}},"DataVersion":3465}